<?xml version="1.0" encoding="UTF-8"?><?oxygen RNGSchema="../../common/schema/DHQauthor-TEI.rng" type="xml"?><?oxygen SCHSchema="../../common/schema/dhqTEI-ready.sch"?><TEI xmlns="http://www.tei-c.org/ns/1.0" xmlns:cc="http://web.resource.org/cc/" xmlns:rdf="http://www.w3.org/1999/02/22-rdf-syntax-ns#" xmlns:dhq="http://www.digitalhumanities.org/ns/dhq">
   <teiHeader>
      <fileDesc>
         <titleStmt>
            <title type="article" xml:lang="fr">Introduction</title>
            <title type="article" xml:lang="en">Introduction</title>
            <dhq:authorInfo xml:id="aurélien_berra">
               <!-- Include a separate <dhq:authorInfo> element for each author.
                         The value of xml:id should be first_last without diacritics, all lower case.
                    -->
               <dhq:author_name>Aurélien <dhq:family>Berra</dhq:family></dhq:author_name>
               <dhq:affiliation>Université Paris-Nanterre</dhq:affiliation>
               <email>aurelien.berra@parisnanterre.fr</email>
               <dhq:bio>
                  <p>Aurélien Berra est maître de conférences à l’université Paris-Nanterre, où il
                     enseigne le grec ancien, la rhétorique et les humanités numériques.
                     Co-responsable du séminaire <title rend="quotes"> <foreign xml:lang="en">Digital Humanities</foreign> </title> à l’EHESS, il remplit des
                     fonctions de coordination au sein de plusieurs institutions internationales :
                     Humanistica, l’association francophone des humanités numériques, la European
                     Association for Digital Humanities (EADH), la European Digital Research
                     Infrastructure for the Arts and Humanities (DARIAH) et la plateforme <title rend="italic">Hypothèses</title>. Ses principaux intérêts de recherche
                     concernent la philologie classique, l’édition savante numérique, l’histoire et
                     l’épistémologie des <foreign xml:lang="en">digital humanities</foreign>. Voir
                        <ref target="https://aurelienberra.org">https://aurelienberra.org</ref> et
                        <ref target="https://philologia.hypotheses.org">https://philologia.hypotheses.org</ref>.</p>
                  <p>Aurélien Berra is Associate Professor at Paris-Nanterre University, where he
                     teaches Rhetoric, Ancient Greek literature and Digital Humanities. His research
                     interests include classical and digital textual scholarship, as well as the
                     history, epistemology and pedagogy of DH. He is in charge of the seminar <title rend="quotes">Digital Humanities</title> at the École des hautes études en
                     sciences sociales, in Paris. He is also involved in <title rend="italic">Hypotheses</title>, a blogging platform for the Humanities and the Social
                     Sciences, in the European Digital Research Infrastructure for the Arts and
                     Humanities (DARIAH), in Humanistica, the French-speaking association of digital
                     humanities and in the European Association for Digital Humanities (EADH). See
                        <ref target="https://aurelienberra.org">https://aurelienberra.org</ref> et
                        <ref target="https://philologia.hypotheses.org">https://philologia.hypotheses.org</ref>.</p>
               </dhq:bio>
            </dhq:authorInfo>
            <dhq:authorInfo xml:id="claire_clivaz">
               <!-- Include a separate <dhq:authorInfo> element for each author.
                         The value of xml:id should be first_last without diacritics, all lower case.
                    -->
               <dhq:author_name>Claire <dhq:family>Clivaz</dhq:family></dhq:author_name>
               <dhq:affiliation>Institut Suisse de Bioinformatique</dhq:affiliation>
               <email>claire.clivaz@sib.swiss</email>
               <dhq:bio>
                  <p>Claire Clivaz is Head of Digital Enhanced Learning at the Swiss Institute of
                     Bioinformatics (Lausanne). She leads research projects in Digital Humanities
                     and at the crossroad of Digital Humanities and New Testament and is a partner
                     of the H2020 project DESIR, lead by the ERIC DARIAH. She is a member of several
                     scientific committees and editorial boards (EADH steering committee, IGNTP,
                     Humanistica, IDHR by de Gruyter). She is co-leading a series by Brill <title rend="quotes">Digital Biblical Studies</title>, and research groups in DH
                     (SBL, EABS).</p>
               </dhq:bio>
            </dhq:authorInfo>
            <dhq:authorInfo xml:id="sophie_marcotte">
               <!-- Include a separate <dhq:authorInfo> element for each author.
                         The value of xml:id should be first_last without diacritics, all lower case.
                    -->
               <dhq:author_name>Sophie <dhq:family>Marcotte</dhq:family></dhq:author_name>
               <dhq:affiliation>Concordia University</dhq:affiliation>
               <email>sophie.marcotte@concordia.ca</email>
               <dhq:bio>
                  <p>Sophie Marcotte is a Professor of Literature in the Department of French
                     Studies at Concordia University. Her most recent research focuses on the links
                     between literature and technology. She has published (with Samuel Archibald),
                        <title rend="italic">L’Imaginaire littéraire du numérique</title> (PUQ,
                     2015) and co-edited, with Sylvain David (Concordia), a special issue on the
                     archive in the digital age for the scholarly journal <title rend="italic">Sens
                        Public</title> (2016). She is the director of <title rend="italic">HyperRoy</title>, a project which consists of the electronic edition of the
                     manuscripts and unpublished texts by Québecois novelist Gabrielle Roy : <ref target="http://www.hyperroy.uqam.ca">www.hyperroy.uqam.ca</ref>.</p>
               </dhq:bio>
            </dhq:authorInfo>
            <dhq:authorInfo xml:id="emmanuelle_morlock">
               <dhq:author_name>Emmanuelle <dhq:family>Morlock</dhq:family></dhq:author_name>
               <dhq:affiliation>Centre national de la recherche scientifique</dhq:affiliation>
               <email>emmanuelle.morlock@mom.fr</email>
               <dhq:bio>
                  <p>Emmanuelle Morlock est ingénieure d’études en humanités numériques au CNRS
                     depuis 2008. Titulaire d’une maîtrise de lettres modernes et d’un DESS en
                     documentation de l’IEP de Paris, elle s’est spécialisée dans l’application du
                     standard d'encodage EpiDoc, une version des recommandations de la Text Encoding
                     Initiative (TEI) pour les documents anciens. En charge de projets d’édition
                     numérique de sources épigraphiques au sein du laboratoire HiSoMA (Histoire et
                     Sources des Mondes antiques), elle y coordonne un programme de réflexion sur
                     les pratiques d’édition et de gestion de la documentation scientifique dans les
                     programmes de recherche. Elle s’implique dans plusieurs réseaux liés aux
                     humanités numériques (association Humanistica, consortiums sur les corpus
                     d’auteur et les archives des archéologues de la TGIR Huma-Num) et co-anime
                     également un groupe de travail transversal des réseaux métiers du CNRS sur la
                     gestion des données de la recherche.</p>
                  <p>Emmanuelle Morlock works as an engineer in Digital Humanities at the CNRS since
                     2008. Educated in French litterature and Library and Information Science, she
                     has specialized in the application of the encoding standard TEI EpiDoc, a
                     version of the guidelines of the Text Encoding Initiative (TEI), dedicated to
                     ancient documents. She manages several digitial scholarly editions projects
                     within the research center HiSoMA (History and sources of the ancient worlds)
                     and is in charge of a seminar on scholarly edition and digital curation
                     practices in research programs. She is involved in many ditigal humanities
                     networks (EpiDoc maintenance group, the french-speaking association of digital
                     humanities Humanistica, consortia on author corpuses and archives of
                     archeologists of the french national very large facility for digital
                     humanities). She also co-facilitates a transverse working group in the CNRS on
                     the topic of research data management.</p>
               </dhq:bio>
            </dhq:authorInfo>
            <dhq:translatorInfo>
               <dhq:translator_name>Julia <dhq:family>Flanders</dhq:family></dhq:translator_name>
               <dhq:affiliation>Northeastern University</dhq:affiliation>
               <email>j.flanders@northeastern.edu</email>
            </dhq:translatorInfo>
         </titleStmt>
         <publicationStmt>
            <!-- This information will be completed at publication -->
            <publisher>Alliance of Digital Humanities Organizations</publisher>
            <publisher>Association for Computers and the Humanities</publisher>
            <idno type="DHQarticle-id">000366</idno>
            <idno type="volume">012</idno>
            <idno type="issue">1</idno>
            <date when="2018-04-06">6 April 2018</date>
            <dhq:articleType>article</dhq:articleType>
            <availability>
               <cc:License rdf:about="https://creativecommons.org/licenses/by-nd/2.5/"/>
            </availability>
         </publicationStmt>

         <sourceDesc>
            <p>This is the source</p>
         </sourceDesc>
      </fileDesc>
      <encodingDesc>
         <classDecl>
            <taxonomy xml:id="dhq_keywords">
               <bibl>DHQ classification scheme; full list available at <ref target="http://www.digitalhumanities.org/dhq/taxonomy.xml">http://www.digitalhumanities.org/dhq/taxonomy.xml</ref></bibl>
            </taxonomy>
            <taxonomy xml:id="authorial_keywords">
               <bibl>Keywords supplied by author; no controlled vocabulary</bibl>
            </taxonomy>
         </classDecl>
      </encodingDesc>
      <profileDesc>

         <langUsage>
            <language ident="en" extent="translation"/>
            <language ident="fr" extent="original"/>
         </langUsage>
         <textClass>
            <keywords scheme="#dhq_keywords">
               <list>
                  <!-- fill in a separate <item> for each keyword or keyword phrase -->
                  <item/>
               </list>
            </keywords>
            <keywords scheme="#authorial_keywords">
               <list>
                  <!-- fill in a separate <item> for each keyword or keyword phrase -->
                  <item/>
               </list>
            </keywords>
         </textClass>
      </profileDesc>
      <revisionDesc>
         <change when="2018-07-03" who="DD">Validation Check</change>
      </revisionDesc>
   </teiHeader>

   <text>
      <group>

         <!-- Original language -->

         <text xml:lang="fr" type="original" resp="#aurélien_berra #claire_clivaz #sophie_marcotte #emmanuelle_morlock">
            <!-- @resp for the original article is a pointer to xml:id of <dhq:authorInfo>, e.g. "#john_doe" -->
            <front>
               <dhq:abstract>
                  <p>Ceci est l'introduction au numéro spécial francophone de <title rend="italic">Digital Humanities Quarterly</title>.</p>
               </dhq:abstract>
               <dhq:teaser>
                  <p>L'introduction au numéro spécial francophone de <title rend="italic">Digital
                        Humanities Quarterly</title></p>
               </dhq:teaser>
            </front>
            <body>
               <head>Introduction</head>
               <div>
                  <head>Introduction</head>
                  <p>La genèse de ce numéro spécial francophone de <title rend="italic">Digital
                        Humanities Quarterly</title> témoigne d’un moment des <foreign xml:lang="en">digital humanities</foreign>, celui où la question de leur mondialisation
                     est à la fois mise en œuvre et mise en débat, tant par les communautés de la
                     recherche et de l’éducation que par les institutions. En octobre 2015, à la
                     lecture de l’appel à contribution pour le numéro hispanophone de <title rend="italic">DHQ</title>, nous avons aussitôt eu l’idée de proposer un
                     ensemble de textes en français. Tout naturellement, Humanistica, l’association
                     francophone des humanités numériques/digitales, a approuvé ce projet, qui
                     correspond à sa mission de promouvoir les travaux menés en français tout en
                     s’inscrivant dans une dynamique féconde d’échanges interculturels. <ref target="http://www.humanisti.ca">Humanistica</ref> allait officiellement
                     rejoindre l’<ref target="http://adho.org/">Alliance of Digital Humanities
                        Organizations</ref> en 2016. De plus, l’association était en train de poser
                     les bases de la future revue francophone <title rend="italic">Humanités
                        numériques</title><note> Voir <ref target="http://www.humanisti.ca/revue">http://www.humanisti.ca/revue</ref>.</note>. C’est ainsi que, lorsque le
                     projet a reçu un accueil favorable de <title rend="italic">DHQ</title>, sa
                     préparation a été déléguée à un comité composé de quatre membres, issus de
                     trois pays francophones : Aurélien Berra (France), Claire Clivaz (Suisse),
                     Sophie Marcotte (Canada) et Emmanuelle Morlock (France).</p>
                  <p>Un appel à contribution ouvert a été publié en avril 2016. Il s’agissait aussi
                     bien d’attirer l’attention des lecteurs habituels de la revue sur des travaux
                     issus de la francophonie que de mieux relier les réseaux francophones aux
                     communautés internationales du champ. Outre les canaux anglophones habituels,
                     l’appel a ainsi été diffusé sur la <ref target="https://groupes.renater.fr/sympa/info/dh">liste <title rend="quotes"> Digital Humanities </title></ref>, sur le site d’Humanistica<note>
                        <ref target="http://www.humanisti.ca/revue-humanites-numeriques/">http://www.humanisti.ca/revue-humanites-numeriques/</ref></note> et, par
                     extension, dans divers milieux liés à la recherche numérique en sciences
                     humaines et sociales, sans oublier les réseaux sociaux.</p>
                  <p>Notre ambition était donc, et demeure, d’ouvrir un dialogue, et non pas de
                     dresser un état des lieux. Présenter la production, les structures, les
                     tendances et les débats de la communauté francophone des humanités numériques
                     nécessiterait une enquête et des critères précis. Face aux multiples façons de
                     négocier le tournant informatique et numérique, ce genre de repérage ne peut
                     être conçu autrement que comme une entreprise collective et collaborative,
                     consciente de ses choix – notamment disciplinaires – et de l’histoire qu’elle
                     construit en mettant en exergue des publications et des collections, des
                     projets et des institutions, des séminaires et des colloques. En attendant
                     qu’une telle cartographie raisonnée soit mise en chantier, nous donnons des
                     références à la fin de cette introduction sous la forme d’une brève
                     bibliographie <note> Le critère de sélection de ces références est un intérêt
                        explicite pour le champ des humanités numériques (depuis le premier titre
                        employant l’expression, en 2007) ou une importance particulière pour sa
                        constitution dans le monde francophone (à commencer par le manifeste rédigé
                        au THATCamp Paris de 2010 ou par la proposition d’un <q> humanisme numérique
                        </q>). Nous citons également, comme exemples, deux ouvrages illustrant le
                        développement des pratiques pédagogiques, un bilan disciplinaire sur
                        l’apport de l’informatique en histoire et une réflexion sur la mise en œuvre
                        de bibliothèques numériques au Maghreb. Dans une liste plus complète, il
                        faudrait naturellement inclure des travaux antérieurs aux <foreign xml:lang="en">digital humanities</foreign>, notamment pour illustrer le
                        lien entre le traitement automatique de l’information et les sciences
                        sociales dans l’école des Annales ou le rôle de la linguistique de
                        corpus.</note> et renvoyons aux initiatives soutenues ou relayées par
                     Humanistica.</p>
                  <p>Humanistica a été la première association internationale en <foreign xml:lang="en">digital humanities</foreign> à se constituer autour d’un
                     critère linguistique et culturel. Sa création, en juillet 2014 à Lausanne,
                     durant le colloque annuel d’ADHO, est le fruit de plusieurs années de
                     rencontres et de collaborations informelles. Mentionnons en particulier
                     l’organisation d’une série de THATCamp francophones, à Paris en 2010 – premier
                     événement européen de ce genre –, 2012 et 2015, à Lausanne en 2011, à
                     Saint-Malo en 2013 et à Lyon en 2014. C'est dans le cadre du
                        <soCalled> non-colloque </soCalled> de Saint-Malo<note> La bibliographie
                        contient les <q> non-actes </q> réalisés en 2012 et 2013, à partir des notes
                        prises durant les ateliers.</note> qu’a été élu un groupe de quinze
                     chercheurs chargés de préparer la naissance officielle de
                     l’association. Humanistica  avait été pendant quelques années le nom d’un
                     projet de réseau européen situé hors des structures mises en place sous
                     l’impulsion des pays anglophones, dans lesquels a eu lieu la première
                     institutionnalisation du <foreign xml:lang="en">Humanities computing</foreign>.
                     Ce nom devenait dès lors celui d’une société savante nativement internationale,
                     attachée aux singularités et à l’histoire des pays francophones autant qu’à un
                     dialogue avec les autres cultures sur le terrain des transformations numériques
                     des savoirs.</p>
                  <p>Nous ne mentionnons ici que cette petite histoire culturelle, parce qu’elle est
                     le ferment subjectif de cette construction commune de ce que les francophones
                     nomment, selon les pays et les contextes, <q> humanités numériques </q>,
                        <q> humanités digitales </q> ou, en conservant l’expression anglaise,
                        <q> digital humanities </q>. Une analyse plus générale devrait notamment
                     indiquer à quels moments les agences de financement nationales et
                     internationales ont commencé à rendre incontournable la dimension numérique des
                     travaux scientifiques en SHS, ou rappeler le développement des infrastructures
                     de publication électronique et de gestion des données de la recherche. Certains
                     des travaux cités à la fin de cette introduction fournissent des éléments de
                     compréhension. Nous espérons qu’Humanistica, sa revue, ainsi que toutes les
                     autres initiatives de ses groupes de travail, ses échanges avec les communautés
                     de recherche des autres aires culturelles permettront de mieux éclairer les
                     conditions dans lesquelles se font les humanités numériques.</p>
                  <p>Cette préoccupation rejoint évidemment un contexte plus vaste et la volonté
                     d’ADHO de traduire dans les faits le multiculturalisme et le multilinguisme de
                     ce champ, en particulier à travers la création d’un comité sur ce sujet et par
                     ses relations avec l’initiative <title rend="italic">Global Outlook :: Digital
                        Humanities</title> (GO::DH). Au delà de l’accès privilégié à certains corpus
                     linguistiques, littéraires, historiques et documentaires, quelles sont les
                     implications de la diversité de nos langues et de nos traditions savantes ?
                     S’il paraît clair, du point de vue des sciences humaines, que chaque langue
                     conditionne le contenu et la forme du travail intellectuel, comment cela se
                     traduit-il dans nos méthodes, nos usages de l’informatique et nos modes
                     d’organisation collective ? Il s’agit de rendre compte de la nécessité de
                     penser et d’observer cette hybridation, ou cette évolution, dans des cultures
                     données.</p>
                  <p>Les articles qui suivent ont été choisis pour leur intérêt individuel, et non
                     parce que, pris ensemble, ils constituaient une sélection représentative. Ils
                     sont avant tout une contribution enthousiaste au développement d’un écosystème
                     de publication multiculturel soutenu par les associations savantes. Cependant,
                     nous invitons les lecteurs – que le français soit ou non la langue principale
                     de leur activité – à réfléchir sur ce que ces textes disent des références, des
                     conditions d’exercice et de l’histoire des sciences humaines francophones dans
                     un monde de la recherche et de l’éducation <emph>devenu numérique.</emph></p>
                  <p>Ce numéro de <title rend="italic">DHQ</title> comprend dix articles, répartis
                     en trois rubriques qui témoignent de la diversité du champ : se succèdent des
                     approches d’ordre théorique ou méthodologique, des réflexions sur des projets,
                     tous collaboratifs et interdisciplinaires, et des travaux portant sur des
                     auteurs, à travers l’exploration de corpus littéraires ou documentaires.</p>
                  <p>Deux articles sont consacrés à des approches théoriques des humanités
                     numériques. Jean-Guy Meunier, dans <title rend="quotes"> Le texte numérique :
                        enjeux herméneutiques </title>, défend l’idée que <quote rend="inline" source="#undocumented"> la
                        numérisation n’est pas neutre </quote>, qu’elle <quote rend="inline" source="#undocumented">
                        affecte le texte sémiotique </quote> et représente <quote rend="inline" source="#undocumented"> un
                        moment important d’une herméneutique matérielle </quote>. Anne Baillot, dans
                        <title rend="quotes"> Reconstruire ce qui manque – ou le déconstruire ?
                        Approches numériques des sources historiques </title>, expose l’évolution
                     des notions de trace et d’archive, qu’elle illustre ensuite par l’exemple
                        <quote rend="inline" source="#undocumented"> de l’édition numérique <title rend="italic">Lettres et
                           textes. Le Berlin intellectuel autour de 1800</title> et du répertoire de
                        manuscrits qui lui est associé, qui contient le catalogue des manuscrits de
                        l’helléniste August Boeckh (1785-1867) </quote>.</p>
                  <p>Quatre articles développent ensuite des réflexions sur des projets en cours.
                     Tout d’abord, Christelle Cocco et son équipe, dans <title rend="quotes"> Potentialités et difficultés d’un projet en humanités digitales (DH) :
                        confrontation aux outils et réorientations de recherche </title>, décrivent
                        <quote rend="inline" source="#undocumented"> les potentialités et les difficultés rencontrées lors
                        de l’élaboration des outils numériques dans le cadre d’un projet
                        interdisciplinaire investiguant des dessins de dieux chez l’enfant et
                        l’adolescent </quote>. Ioana Galleron, Fatiha Idmhand et Cécile Meynard
                     analysent une première expérience de <quote rend="inline" source="#undocumented"> lecture partagée
                     </quote> dans <title rend="quotes"> Que mille lectures s’épanouissent… Une
                        expérience de <soCalled><foreign xml:lang="en">crowdreading</foreign></soCalled>
                     </title>. Cette expérience entend <quote rend="inline" source="#undocumented"> comprendre comment les
                        lecteurs construisent l’image des personnages littéraires, et dans quelle
                        mesure ils en perçoivent les différentes dimensions dégagées par des
                        théoriciens de la littérature </quote>. Marie Delcourte-Debarre applique,
                     quant à elle, le <quote rend="inline" source="#undocumented"> Système modulaire de gestion de
                        l’information historique </quote> au cas des forêts, en croisant le temps et
                     l’espace dans <title rend="quotes"> Analyser les emboîtements d’échelles
                        spatio-temporelles d’un territoire forestier : du système d’information
                        géographique à la méthode SyMoGIH (Avesnois, France) </title>. Enfin, Marc
                     Renneville, Jean-Lucien Sanchez et Sophie Victorien, dans <title rend="quotes">
                        Criminocorpus. Un projet numérique pour l’histoire de la justice </title>,
                     présentent l’évolution d’un projet en ligne depuis 2005 qui <quote rend="inline" source="#undocumented"> a marqué le paysage numérique français par sa logique
                        thématique centrée sur l’histoire de la justice, des crimes et des
                        peines </quote>.</p>
                  <p>La troisième et dernière rubrique regroupe quatre articles décrivant des corpus
                     ou étudiant des auteurs. Élodie Benard et Francesca Frontini montrent le
                     potentiel des études quantitatives consacrées à la syntaxe des textes
                     dramatiques dans <title rend="quotes"> Les Sganarelles de Molière : un nom, des
                        syntaxes ? </title> Caroline Ardrey, Helen Abbott et Mylène Dubiau
                     présentent, dans <title rend="quotes"> Entre musique et lettres : vers une
                        méthodologie numérique pour l’analyse de la mise en musique des poésies de
                        Charles Baudelaire, </title> un projet novateur lancé en 2015, qui <quote rend="inline" source="#undocumented"> vise à répertorier et à analyser toutes les mises en musique
                        des poèmes de Charles Baudelaire afin d’élargir les connaissances des œuvres
                        musicales dérivées des <title rend="italic">Fleurs du Mal</title> et des
                           <title rend="italic">Poèmes en prose</title>
                     </quote>. Elles cherchent aussi à <quote rend="inline" source="#undocumented"> établir un nouveau
                        système d’analyse numérique des mises en musique basé sur le principe de
                           <q>parité</q> entre texte poétique et texte musical </quote>. Marine
                     Riguet et Motasem Alrahabi, dans <title rend="quotes"> Pour une analyse
                        automatique du jugement critique : les citations modalisées dans le discours
                        littéraire du <hi rend="smcaps">xix</hi><hi rend="superscript">e</hi> siècle
                     </title>, font l’expérience, à partir d’un vaste corpus de textes littéraires,
                        <quote rend="inline" source="#undocumented"> d’annoter automatiquement les expressions modales
                        employées autour du discours rapporté </quote>, en faisant usage des
                     applications Excom2 et E-Quotes. Enfin, Camille Monnier nous fait entrer dans
                     la logique des archives du cinéaste et vidéaste Chris Marker, acquises en 2012
                     par la Cinémathèque française, dans <title rend="quotes"> Élaboration d’un
                        modèle appuyé sur le RDF dans le cadre de la réalisation d’une Bibliothèque
                        virtuelle Chris Marker à la Cinémathèque française </title>.</p>
                  <p>Nous sommes reconnaissants à tous les auteurs pour leur collaboration à ce
                     numéro spécial : chacun des articles prend sa place dans ce nouveau moment des
                     humanités numériques internationales. Nous nous réjouissons également de la
                     collaboration fructueuse avec la revue <title rend="italic">Digital Humanities
                        Quarterly</title> et remercions tout particulièrement pour leur soutien
                     Julia Flanders, Alex Gil et Duyen Nguyen.</p>
                  <p>Le comité éditorial : Aurélien Berra, Claire Clivaz, Sophie Marcotte et
                     Emmanuelle Morlock</p>
               </div>
            </body>
         </text>

         <!-- Translated language -->

         <text xml:lang="en" type="translation" resp="#julia_flanders">
            <!-- Use "translation_stub" if only the abstract and possibly a short summary is translated. Use "translation" if the entire article has been translated. -->
            <!-- @resp for the translation is a pointer to xml:id of <dhq:translatorInfo> -->
            <front>
               <dhq:abstract>
                  <p>This is the introduction to <title rend="italic">Digital Humanities
                        Quarterly</title>'s special French-language issue.</p>
               </dhq:abstract>
               <dhq:teaser>
                  <p>The introduction to <title rend="italic">Digital Humanities Quarterly</title>'s
                     special French-language issue.</p>
               </dhq:teaser>
            </front>
            <body>
               <head>Introduction</head>
               <div>
                  <head>Introduction</head>
                  <p>The genesis of this special French-language issue of <title rend="italic">Digital Humanities Quarterly</title> testifies to a moment in digital
                     humanities: one in which the question of the field’s globalization is
                     implemented and debated as much by the research and education communities as by
                     institutions. In October 2015, after reading the call for contributions to the
                     DHQ Spanish-language number, we immediately came up with the idea of proposing
                     a set of texts in French. Naturally, Humanistica, the French-speaking
                     association for digital humanities, approved this project, which fits well with
                     its mission to promote work done in French while being part of a fertile
                     dynamic of intercultural exchange. In 2016 <ref target="http://www.humanisti.ca">Humanistica</ref> was in the process of
                     seeking to join the <ref target="http://adho.org/">Alliance of Digital
                        Humanities Organizations</ref>. In addition, the association was laying the
                     groundwork of the future French-language journal, <title rend="italic">Humanités numériques</title><note> See <ref target="http://www.humanisti.ca/revue">http://www.humanisti.ca/revue</ref>.</note>. Thus, <title rend="italic">DHQ</title> accepted the French-language special issue proposal, and its
                     preparation was delegated to a committee composed of four members, from three
                     French-speaking countries: Aurélien Berra (France), Claire Clivaz
                     (Switzerland), Sophie Marcotte (Canada) and Emmanuelle Morlock (France).</p>
                  <p>An open call for papers was published in April 2016. The purpose of this call
                     was to draw the attention of regular readers of the journal to work from the
                     francophone world, and to better connect francophone networks with
                     international communities in the field. In addition to the usual
                     English-speaking channels, the call was posted on the <ref target="https://groupes.renater.fr/sympa/info/dh"><q>Digital Humanities</q>
                        list</ref>, on the Humanistica website<note>
                        <ref target="http://www.humanisti.ca/revue-humanites-numeriques/">http://www.humanisti.ca/revue-humanites-numeriques/</ref></note> and, by
                     extension, in various communities related to digital research in the humanities
                     and social sciences, as well as on social networks.</p>
                  <p>Our ambition was therefore, and remains, to open a dialogue, and not to simply
                     describe the current state of play. Presenting the production, structures,
                     trends and debates of the francophone digital humanities community would
                     require an inquiry guided by precise criteria. Given the many ways of
                     negotiating the informational and digital turn, such an investigation would
                     need to be a collective and collaborative enterprise, conscious of its choices
                     — in particular disciplinary — and of the history it builds by highlighting
                     publications and collections, projects and institutions, seminars and symposia.
                     While awaiting such a thorough cartography, we give references at the end of
                     this introduction in the form of a brief bibliography<note> The criterion for
                        selecting these references is an explicit interest in the field of digital
                        humanities (following the first title to use the term, in 2007) or a
                        particular importance for its establishment in the French-speaking world
                        (starting with the manifesto written at THATCamp Paris 2010 or the proposal
                        of a <q>digital humanism</q>). We also cite, as examples, two books
                        illustrating the development of pedagogical practices, a disciplinary report
                        on the contribution of computer science in history and a reflection on the
                        implementation of digital libraries in the Maghreb. In a more complete list,
                        one would naturally include work prior to <q>digital humanities</q>,
                        especially to illustrate the link between the automatic processing of
                        information and the social sciences in the Annales school, or the role of
                        corpus linguistics.</note> and refer the reader as well to the initiatives
                     supported or communicated by Humanistica.</p>
                  <p>Humanistica was the first international association in digital humanities to be
                     organized around linguistic and cultural criteria. Its creation, in July 2014
                     in Lausanne, during the annual conference of ADHO, is the result of several
                     years of meetings and informal collaborations. Of particular note is a series
                     of French-speaking THATCamps: in Paris in 2010 (the first European event of its
                     kind), 2012 and 2015; in Lausanne in 2011; in Saint-Malo in 2013 and Lyon in
                     2014. Within the framework of the Saint-Malo
                        <soCalled>unconference,</soCalled><note> The bibliography contains the
                           <soCalled>non-proceedings</soCalled> produced in 2012 and 2013, based on
                        notes taken during the workshops.</note> a group of fifteen researchers was
                     elected to be responsible for preparing the official creation of the
                     Association. <title rend="quotes">Humanistica</title> had been for a few years
                     the name of a European network project located outside the structures set up at
                     the instigation of the English-speaking countries, in which the first
                     institutionalization of humanities computing took place. This name became the
                     name of a natively international scholarly society, focused on the
                     singularities and history of French-speaking countries, and committed to a
                     dialogue with other cultures in the field of digital transformations of
                     knowledge.</p>
                  <p>We give only this brief cultural history because it is for us the generative
                     space for the common construction of what francophones call, depending on the
                     country and the context, <q>humanités numériques</q>, <q>humanités
                        digitales</q> or, using the English expression, <q>digital humanities.</q> A
                     more general analysis would need to consider when national and international
                     funding agencies began to make the digital dimension of scientific work in the
                     Humanities and Social Sciences inevitable, and note the development of
                     infrastructures for electronic publishing and research data management. Some of
                     the works cited below provide materials along these lines. We hope that
                     Humanistica, its journal, as well as all the other initiatives of its working
                     groups, its exchanges with the research communities of the other cultural areas
                     will better illuminate the conditions in which the digital humanities are being
                     undertaken.</p>
                  <p>This concern has clear connections with a broader context and with ADHO's
                     desire to translate multiculturalism and multilingualism into reality, in
                     particular through the creation of a committee on this subject and its
                     relations with <title rend="italic">Global Outlook :: Digital
                        Humanities</title> (GO :: DH). Beyond privileged access to certain
                     linguistic, literary, historical and documentary corpuses, what are the
                     implications of the diversity of our languages and our scholarly traditions? If
                     it seems clear from the point of view of the human sciences that each language
                     conditions the content and the form of intellectual work, how does this
                     translate into our methods, our uses of information technology and our modes of
                     collective organization? It is important that we understand and observe this
                     hybridization, or this evolution, in specific cultures.</p>
                  <p>The following articles were selected for their individual interest, and not
                     because as a group they constitute a representative selection. Above all, they
                     are an enthusiastic contribution to the development of a multicultural
                     publishing ecosystem supported by scholarly associations. However, we invite
                     readers — whether or not French is the main language of their activity — to
                     reflect on what these texts have to say about the references, the conditions of
                     practice, and the history of the French-speaking humanities in the newly
                     digital world of research and education.</p>
                  <p>This issue of <title rend="italic">DHQ</title> comprises ten articles, divided
                     into three sections that reflect the diversity of the field: theoretical or
                     methodological approaches, reflections on collaborative and interdisciplinary
                     projects, and research on authors through the exploration of literary or
                     documentary corpora.</p>
                  <p>Two articles are devoted to theoretical approaches in the digital humanities.
                     Jean-Guy Meunier, in <title rend="quotes">The digital text: hermeneutical
                        issues,</title> defends the idea that <quote rend="inline" source="#undocumented">digitization is
                        not neutral,</quote> that it <quote rend="inline" source="#undocumented">affects the semiotic
                        text</quote> and represents <quote rend="inline" source="#undocumented">an important moment of a
                        material hermeneutics.</quote> Anne Baillot, in <title rend="quotes">Rebuilding what is missing — or deconstructing it? Digital Approaches to
                        Historical Sources,</title> explains the evolution of the notions of trace
                     and archive, using the example of <quote rend="inline" source="#undocumented">the digital edition
                           <title rend="italic">Letters and Texts: Intellectual Berlin around
                           1800</title> and the repertoire of manuscripts associated with it, which
                        contains the catalog of the manuscripts of the Hellenist August Boeckh
                        (1785-1867).</quote></p>
                  <p>Next, four articles offer reflections on current projects. First, Christelle
                     Cocco and her team, in <title rend="quotes">Opportunities and difficulties in a
                        digital humanities (DH) project: confrontation with tools and reorientations
                        of research,</title> describe <quote rend="inline" source="#undocumented">the potentials and the
                        difficulties encountered during the development of digital tools as part of
                        an interdisciplinary project investigating depictions of God by children and
                        adolescents.</quote> Ioana Galleron, Fatiha Idmhand and Cécile Meynard
                     analyze a first experience of <quote rend="inline" source="#undocumented">shared reading</quote> in
                        <title rend="quotes">Let a thousand readings flourish . . . A crowdreading
                        experience.</title> This experiment seeks to <quote rend="inline" source="#undocumented">understand
                        how readers construct the image of literary characters, and to what extent
                        they perceive the different dimensions identified by literary
                        theorists.</quote> Marie Delcourte-Debarre applies, as she puts it, a <quote rend="inline" source="#undocumented">modular system for managing historical information</quote> to
                     the case of forests, crossing time and space in <title rend="quotes">Analyzing
                        nested spatio-temporal scales in forested territory: from geographic
                        information systems to the SyMoGIH method (Avesnois, France).</title>
                     Finally, Marc Renneville, Jean-Lucien Sanchez and Sophie Victorien, in <title rend="quotes">Criminocorpus. A digital project for the history of
                        justice,</title> present the evolution of a project online since 2005 that
                        <quote rend="inline" source="#undocumented">marked the French digital landscape by its thematic
                        logic centered on the history of justice, crimes and penalties.</quote></p>
                  <p>The third and last section brings together four articles describing corpora or
                     studies of authors. Élodie Benard and Francesca Frontini show the potential of
                     quantitative studies devoted to the syntax of dramatic texts in <title rend="quotes">Les Sganarelles de Molière: one name, several
                        syntaxes?</title> Caroline Ardrey, Helen Abbott and Mylène Dubiau, in <title rend="quotes">Between Music and Letters: Towards a Digital Methodology for
                        the Analysis of the Musical Setting of Charles Baudelaire's Poems</title>,
                     present an innovative project launched in 2015, which <quote rend="inline" source="#undocumented">aims
                        to list and analyze all the musical settings of Charles Baudelaire's poems
                        in order to widen the knowledge of the musical works derived from <title rend="italic">Les Fleurs du mal</title> and <title rend="italic">Poèmes
                           en prose</title>.</quote> They also seek to <quote rend="inline" source="#undocumented">establish a new system of digital analysis of music settings based on the
                        principle of <q>parity</q> between poetic text and musical text.</quote>
                     Marine Riguet and Motasem Alrahabi, in <title rend="quotes">For an Automatic
                        Analysis of Critical Judgment: Modified Quotations in the Literary Discourse
                        of the Nineteenth Century,</title> experiment on a large corpus of literary
                     texts, with <quote rend="inline" source="#undocumented">automatically annotating the modal expressions
                        used around reported speech,</quote> using the Excom2 and E-Quotes software
                     tools. Finally, Camille Monnier unpacks for us the logic of the archives of
                     filmmaker and videographer Chris Marker, acquired in 2012 by the Cinémathèque
                     française, in <title rend="quotes">Development of an RDF-based model in the
                        creation of a virtual library of Chris Marker at the Cinémathèque
                        française.</title></p>
                  <p>We are grateful to all the authors for their collaboration in this special
                     issue: each article takes its place in this new moment of international digital
                     humanities. We are also delighted with the successful collaboration with <title rend="italic">Digital Humanities Quarterly</title>, with special thanks to
                     Julia Flanders, Alex Gil and Duyen Nguyen for their support.</p>
               </div>
            </body>
         </text>


      </group>

      <back>
         <listBibl>
            <!-- The bibliography should follow DHQ's standard practices. -->
            <bibl xml:id="brossaud2007" label="Brossaud et Reber 2007"><hi rend="smcaps">Brossaud</hi> Claire et <hi rend="smcaps">Reber</hi> Bernard (dir.), <title rend="italic">Humanités numériques. 1. Nouvelles technologies cognitives et
                  épistémologie. 2. Socio-informatique et démocratie cognitive</title>, Paris,
               Lavoisier, 2007.</bibl>
            <bibl xml:id="doueihi2008" label="Doueihi 2008"><hi rend="smcaps">Doueihi</hi> Milad,
                  <title rend="italic">La Grande Conversion numérique</title>, Paris, Seuil,
               2008.</bibl>
            <bibl xml:id="dacos2010" label="Dacos 2010"><hi rend="smcaps">Dacos</hi> Marin et
               THATCamp Paris, <title rend="quotes">Manifeste des <foreign xml:lang="en">digital
                     humanities</foreign></title>, 2010, <ref target="http://tcp.hypotheses.org/318">http://tcp.hypotheses.org/318</ref>.</bibl>
            <bibl xml:id="doueihi2011" label="Doueihi 2011"><hi rend="smcaps">Doueihi</hi> Milad,
                  <title rend="italic">Pour un humanisme numérique</title>, Paris, Seuil,
               2011.</bibl>
            <bibl xml:id="genet2011" label="Genet 2011"><hi rend="smcaps">Genet</hi> Jean-Philippe
               et <hi rend="smcaps">Zorzi</hi> Andrea (dir.), <title rend="italic">Les Historiens et
                  l’informatique. Un métier à réinventer</title>, Rome, École française de Rome,
               2011.</bibl>
            <bibl xml:id="mounier2012" label="Mounier 2012"><hi rend="smcaps">Mounier</hi> Pierre
               (dir.), <title rend="italic">Read/Write Book 2. Une introduction aux humanités
                  numériques</title>, Marseille, OpenEdition Press, 2012, <ref target="http://books.openedition.org/oep/226">http://books.openedition.org/oep/226</ref>.</bibl>
            <bibl xml:id="THATCamp2012" label="THATCamp Paris 2012"><title rend="italic">THATCamp
                  Paris 2012: non-actes</title>, Paris, Éditions de la Maison des sciences de
               l’homme, coll. <title rend="quotes">La Non-Collection</title>, 2012, <ref target="http://books.openedition.org/editionsmsh/278">http://books.openedition.org/editionsmsh/278</ref>.</bibl>
            <bibl xml:id="clivaz2012" label="Clivaz, Meizoz, Vallotton et Verheyden 2012"><hi rend="smcaps">Clivaz</hi> Claire, <hi rend="smcaps">Meizoz</hi> Jérôme, <hi rend="smcaps">Vallotton</hi> François et <hi rend="smcaps">Verheyden</hi> Joseph
               (dir.), <title rend="italic">Reading Tomorrow. From Ancient Manuscripts to Digital
                  Era – Lire demain. Des manuscrits antiques à l’ère digitale</title>, Lausanne,
               Presses polytechniques et universitaires romandes, 2012.</bibl>
            <bibl xml:id="vaucelle2012" label="Vaucelle et Hudrisier 2012"><hi rend="smcaps">Vaucelle</hi> Alain et <hi rend="smcaps">Hudrisier</hi> Henri, <title rend="quotes">Enjeux sociétaux et linguistiques des Humanités numériques au
                  Maghreb</title>, <title rend="italic">15e édition du colloque international sur le
                  document électronique</title>, Tunis, Tunisia, Europia Productions, 2012, <ref target="https://hal.archives-ouvertes.fr/hal-00749303">https://hal.archives-ouvertes.fr/hal-00749303</ref>.</bibl>
            <bibl xml:id="THATCamp2013" label="THATCamp Saint-Malo 2013"><title rend="italic">THATCamp Saint-Malo 2013: non-actes</title>, Paris, Éditions de la Maison des
               sciences de l’homme, coll. <title rend="quotes">La Non-Collection</title>, 2014, <ref target="http://books.openedition.org/editionsmsh/2181">http://books.openedition.org/editionsmsh/2181</ref>.</bibl>
            <bibl xml:id="dacos2014" label="Dacos et Mounier 2014"><hi rend="smcaps">Dacos</hi>
               Marin et <hi rend="smcaps">Mounier</hi> Pierre, <title rend="italic">Humanités
                  numériques. État des lieux et positionnement de la recherche française dans le
                  contexte international</title>, Paris, Institut français &amp; Cléo, 2014, <ref target="http://www.institutfrancais.com/fr/actualités/humanites-numeriques">http://www.institutfrancais.com/fr/actualit%C3%A9s/humanites-numeriques</ref>.</bibl>
            <bibl xml:id="ledeuff2014" label="Le Deuff 2014"><hi rend="smcaps">Le Deuff</hi> Olivier
               (dir.), <title rend="italic">Le Temps des humanités digitales</title>, Limoges, FYP
               Éditions, 2014.</bibl>
            <bibl xml:id="stiegler2014" label="Stiegler 2014"><hi rend="smcaps">Stiegler</hi>
               Bernard (dir.), <title rend="italic">Digital Studies. Organologie des savoirs et
                  technologies de la connaissance</title>, Roubaix, FYP Éditions, 2014.</bibl>
            <bibl xml:id="vitali-rosati2014" label="Vitali-Rosati et Sinatra 2014"><hi rend="smcaps">Vitali-Rosati</hi> Marcello et <hi rend="smcaps">Sinatra</hi> Michael E. (dir.),
                  <title rend="italic">Pratiques de l’édition numérique</title>, Montréal, Presses
               de l’université de Montréal, coll. <title rend="quotes">Parcours numériques</title>,
               2014, <ref target="http://parcoursnumeriques-pum.ca/pratiques">http://parcoursnumeriques-pum.ca/pratiques</ref>.</bibl>
            <bibl xml:id="berra2015" label="Berra 2015"><hi rend="smcaps">Berra</hi> Aurélien,
                  <title rend="quotes">Pour une histoire des humanités numériques</title>, <title rend="italic">Critique</title>, 819‑820, 2015, p. 613‑626, version en libre accès
               : <ref target="https://halshs.archives-ouvertes.fr/halshs-01182509">https://halshs.archives-ouvertes.fr/halshs-01182509</ref>.</bibl>
            <bibl xml:id="costech2015" label="Costech 2015">Laboratoire <hi rend="smcaps">Costech,</hi> université de technologie de Compiègne, <title rend="quotes">Humanités numériques francophones</title>, 2015, <ref target="http://www.costech.utc.fr/spip.php?article81">http://www.costech.utc.fr/spip.php?article81</ref>.</bibl>
            <bibl xml:id="dacos2016" label="Dacos 2016"><hi rend="smcaps">Dacos</hi> Marin, <title rend="quotes">La stratégie du sauna finlandais : les frontières des <foreign xml:lang="en">Digital Humanities</foreign></title>, <title rend="italic">Digital Studies / Le champ numérique</title>, 2016, <ref target="http://www.digitalstudies.org/articles/10.16995/dscn.41/">http://www.digitalstudies.org/articles/10.16995/dscn.41/</ref> (2013, <ref target="https://hal.archives-ouvertes.fr/hal-00866107">https://hal.archives-ouvertes.fr/hal-00866107</ref>).</bibl>
            <bibl xml:id="vanhooland2016" label="Van Hooland, Gillet et Hengchen"><hi rend="smcaps">Van Hooland</hi> Seth, <hi rend="smcaps">Gillet</hi> Florence et <hi rend="smcaps">Hengchen</hi> Simon, <title rend="italic">Introduction aux humanités
                  numériques : méthodes et pratiques. Sciences humaines et sociales</title>,
               Louvain-la-Neuve, De Boeck Supérieur, 2016.</bibl>
            <bibl xml:id="cavalié2017" label="Cavalié, Legendre et Mart 2017"><hi rend="smcaps">Cavalié</hi> Étienne, <hi rend="smcaps">Clavert</hi> Frédéric, <hi rend="smcaps">Legendre</hi> Olivier et <hi rend="smcaps">Mart</hi> Dana (dir.), <title rend="italic">Expérimenter les humanités numériques. Des outils individuels aux
                  projets collectifs</title>, s. l., Presses de l’Université de Montréal, coll.
                  <title rend="quotes">Parcours numériques</title>, 2017, <ref target="http://parcoursnumeriques-pum.ca/experimenterleshumanitesnumeriques">http://parcoursnumeriques-pum.ca/experimenterleshumanitesnumeriques</ref>.</bibl>
            <bibl xml:id="clivaz2017" label="Clivaz 2017"><hi rend="smcaps">Clivaz</hi> Claire,
                  <title rend="quotes">Lost in translation? The odyssey of <q>digital
                     humanities</q> in French</title>, <title rend="italic">Studia Universitatis
                  Babes-Bolyai Digitalia</title>, 1, 1, 2017, p. 26-41, <ref target="http://digihubb.centre.ubbcluj.ro/journal/index.php/digitalia/article/view/4">http://digihubb.centre.ubbcluj.ro/journal/index.php/digitalia/article/view/4</ref>.</bibl>
            <bibl xml:id="réseau2017" label="Réseau 2017">Réseau <hi rend="smcaps">Terra-HN</hi>,
                  <title rend="quotes">Collection Humanités numériques plurielles</title>, 2017,
                  <ref target="http://reseau-terra.eu/spip.php?rubrique304">http://reseau-terra.eu/spip.php?rubrique304</ref>.</bibl>
            <bibl xml:id="masure2017" label="Masure 2017"><hi rend="smcaps">Masure</hi> Anthony,
                  <title rend="italic">Design et humanités numériques</title>, Paris, Éditions B42,
               2017.</bibl>
         </listBibl>

      </back>
   </text>
</TEI>